prog,i,hours,effort,loss,satiscont,satisfied,sex
jogging,1,1.836703542186106,37.712184327049286,18.022263467465432,3.8426089706295343,no,male
jogging,2,2.389360188291116,26.72401475961935,10.186416104203687,4.850139682780025,no,male
jogging,3,2.362116790718382,36.31657283053622,19.74727552723487,5.888354883477193,no,male
jogging,4,2.5208657202815576,20.700475696721483,1.883600142678949,6.385124618386263,no,male
jogging,5,1.8898276658692925,24.727117475822915,14.242588641794622,4.249327068506879,no,male
jogging,6,2.367161890930975,33.66948320653889,19.694730569569217,4.226854966385357,no,male
jogging,7,1.9491079638652449,31.39032768031824,11.724670197781855,3.810734424802634,no,male
jogging,8,2.2066827345228535,39.71184647533052,22.024733503169628,5.812399281286271,no,male
jogging,9,2.5124844942842035,27.625464191817365,8.180141463191498,2.7861760423186777,no,male
jogging,10,2.1705121673248913,19.154067879515452,5.028615980618904,7.570584453896701,yes,male
jogging,11,2.015928988116462,38.370724326410944,17.80410434504764,1.2091163515297811,no,male
jogging,12,2.2126208824313847,33.65561796931882,16.26044311984962,3.9779396439223538,no,male
jogging,13,1.8545211803490833,24.136235007766054,6.978069671316492,6.676993205037399,no,male
jogging,14,2.2449694418798694,30.461965846350612,11.980878671188693,-2.5013281851905873,no,male
jogging,15,1.6654641518946907,26.165766874695322,13.672665387053232,8.410882802606006,yes,male
jogging,16,2.556611438340593,34.74464748466763,15.526795606343992,5.832282429153279,no,male
jogging,17,2.100871235846217,36.38836629956358,13.48562695721947,7.334257308432469,yes,male
jogging,18,1.3360339034870683,25.22802729597629,4.474920311264121,5.31290388216554,no,male
jogging,19,1.4324265573486348,23.25368036436094,9.472298050102737,7.984687486972477,yes,male
jogging,20,2.238887607017066,29.955713354479016,7.448606388334738,3.9779924421150654,no,male
jogging,21,2.493054160491805,34.39176553417989,11.212889729745,11.053312921005144,yes,male
jogging,22,1.863657213766964,25.38776009665986,8.382513517164899,-0.692735135313522,no,male
jogging,23,2.428878798524042,34.616340817845874,13.287148851658255,10.516452751154441,yes,male
jogging,24,1.520704334870716,29.88261035933404,12.050653697738785,1.9943115686323853,no,male
jogging,25,1.4348533096850513,30.235797483274236,7.170091895842877,3.20104511843382,no,male
jogging,26,2.2252573421365436,31.984905015940523,14.799799094102431,8.860811763153668,yes,male
jogging,27,1.3630754555088747,30.31811491589715,6.6008203905599805,5.28636451689299,no,male
jogging,28,1.8342870419691377,31.309381515227038,11.365947856045803,6.744352355727871,no,male
jogging,29,1.8778002217701324,33.52393997559243,7.488849325806074,3.200741299879275,no,male
jogging,30,2.7087129679104596,32.124800370994194,10.071285060775107,11.007210404025093,yes,male
jogging,31,2.2298150558131766,35.130014488443884,21.91954861526961,4.9889808364454575,no,male
jogging,32,2.0394792892033067,27.011877164990032,10.978325638201095,7.878774766099457,yes,male
jogging,33,1.9597148531317314,32.02671588671042,8.433633614429727,5.616901318812557,no,male
jogging,34,1.8358918147752563,29.658504327522465,9.174358867959981,7.258561219305858,yes,male
jogging,35,1.7662578209260447,26.409257741592405,15.844476838833902,3.7611545477562025,no,male
jogging,36,1.0007849443313648,29.507464058695692,11.949640007345598,3.993899077396935,no,male
jogging,37,1.8656595899791955,24.764970261475806,13.009675281325704,1.3263671334839815,no,male
jogging,38,1.7367587183080853,34.9834011676456,16.606827908817078,9.330303082038922,yes,male
jogging,39,2.4773962863977106,35.34357446536499,13.11369231149814,5.434608155287533,no,male
jogging,40,1.9076836818734537,27.686837955603803,5.997722170064854,4.060877207759921,no,male
jogging,41,2.5666112112265886,29.328313337683465,12.660036444127389,6.139406944739169,no,male
jogging,42,2.5588967560092133,29.119496143309778,10.048219266837146,9.427213151847345,yes,male
jogging,43,2.299687550444371,25.35655027900483,6.761342125626841,6.909585795230545,no,male
jogging,44,2.0207665222801987,32.272306499167144,14.825096603647294,5.979464141686037,no,male
jogging,45,2.1949213740764884,32.063659156114404,18.090865595599265,4.095328460542016,no,male
jogging,46,1.8569320024345768,27.646778919955647,5.068046622706641,6.724842476325658,no,male
jogging,47,1.9056748052081804,24.358000131840335,6.835853241580747,4.949614293087341,no,male
jogging,48,0.8646757410583918,29.883510491289716,2.9311628935838705,0.29649944856405774,no,male
jogging,49,2.701669383110051,29.733068535903115,19.73190337263865,5.545242186802622,no,male
jogging,50,1.9563910343892101,19.79218339635778,0.19262832291421728,5.3635449222792495,no,male
jogging,51,1.4577337760934967,37.1593179921824,15.714591237610607,2.8247520008911486,no,male
jogging,52,1.9867595021114488,22.08191439519624,5.554805423976341,5.9851160812668045,no,male
jogging,53,1.1175382413641675,29.86124435603512,-1.2467888543980177,9.53449536429221,yes,male
jogging,54,1.7680660163406832,29.875085891148323,8.562567519718256,6.980264262793057,no,male
jogging,55,2.053212483709619,33.261784934090606,11.627682744478385,4.922110873793839,no,male
jogging,56,1.6818519105600078,19.221688556799798,2.154387978793912,0.9925091751370285,no,male
jogging,57,1.9572427808545418,28.468556642782954,15.493464972933426,4.8288652415042765,no,male
jogging,58,1.5011480861612931,36.888342944887825,17.5513651578023,2.04881001402844,no,male
jogging,59,1.5173992567979682,28.184775431186928,9.943101505162673,1.8144304769187727,no,male
jogging,60,1.3998580842844945,27.359391354366444,8.594281030367645,3.1402334386233415,no,male
jogging,61,1.6649984435212832,39.11672273911191,17.082289974420892,10.116960381954053,yes,male
jogging,62,2.584304019383593,27.471838009774977,11.45381400079821,9.290810550581435,yes,male
jogging,63,2.1452941117813737,41.58364749245918,21.560101462932757,6.699668485587,no,male
jogging,64,2.6283512815852923,40.84311093501155,22.570863401707065,2.40684301396447,no,male
jogging,65,2.596979457495837,25.05005836920139,10.23173051595002,7.761458279802096,yes,male
jogging,66,2.0792134086449834,19.695288434267226,0.5889660954833564,3.183831880065336,no,male
jogging,67,2.1564879396150127,26.338758254728845,11.049802519039492,-1.6284594070377425,no,male
jogging,68,2.840855889099405,31.865547686431533,15.794557801969614,13.295680523369445,yes,male
jogging,69,1.862501626472582,27.712647236513966,4.142106076497253,4.276938765975353,no,male
jogging,70,2.2405979695117413,33.789265514300446,25.60492105637874,8.722661599957059,yes,male
jogging,71,2.128768127108206,31.981362254386905,16.995766715335737,5.4095953064493685,no,male
jogging,72,1.7099057867599923,28.244122761435744,12.076732292185978,3.584463812926547,no,male
jogging,73,2.751950456246571,19.404143007542217,0.8934348799048788,9.104805751758416,yes,male
jogging,74,2.942777530455217,31.48438722738612,12.141683509257664,10.44888482520265,yes,male
jogging,75,1.7283360021215186,32.791760913680186,9.862050014965977,8.459873219515789,yes,male
jogging,76,2.5080435406302017,24.835190258360008,2.981785603904197,7.625216940264844,yes,male
jogging,77,1.5279683270165454,32.606434154260754,14.366203449748092,3.4083758955831787,no,male
jogging,78,2.4208927277684413,42.501588792217284,18.962605357588515,6.889064358467698,no,male
jogging,79,2.552154451339269,25.857816305338098,3.309688383318219,3.720447005852727,no,male
jogging,80,2.107426390281598,27.12199797617985,5.177439694953719,9.223208052869197,yes,male
jogging,81,1.5347717891584454,28.618037678106887,8.38586779319854,5.545139020379555,no,male
jogging,82,3.0087938189904886,31.156202011348224,10.659094102834668,8.927186568358383,yes,male
jogging,83,1.6523889978856852,24.342793873595898,-3.7433255198025717,1.9085311933211084,no,male
jogging,84,1.6914418669492144,37.137577699896994,10.235576743958127,1.8367019497003132,no,male
jogging,85,1.336735663679081,28.39070840762938,6.315551519822885,7.982672311973591,yes,male
jogging,86,1.5231572480749804,22.874661745119518,5.328760563583966,-0.571828064222812,no,male
jogging,87,3.2067425193320904,34.817583819519214,20.056425969100825,5.552999648624224,no,male
jogging,88,1.696176319706662,16.78225048221885,-0.108963695232559,3.781452146270494,no,male
jogging,89,1.1296186954060996,35.126200608715244,8.297955127009546,3.76261625527164,no,male
jogging,90,2.498399122255479,32.63693126327658,15.798360763997634,5.685426012864895,no,male
jogging,91,1.3326207000490111,36.03775903824873,18.592354879498668,3.787724417937333,no,male
jogging,92,1.52348274385263,26.57235808928972,8.774950882208884,6.9003193493565576,no,male
jogging,93,2.337298472377088,32.106149974464834,14.018512317898221,4.790686559300464,no,male
jogging,94,1.48026388643209,24.562934703314653,11.50818258095299,4.419058858071682,no,male
jogging,95,1.8851675160599455,32.36458953637056,16.361095313607223,3.3543921837467536,no,male
jogging,96,1.9900271517669572,26.742810708841326,9.669840542737761,2.5934414741171423,no,male
jogging,97,2.6314210623789864,32.52992817834035,14.515595461728042,9.525744494666654,yes,male
jogging,98,2.4990879321866073,34.39723083969576,20.691004497537406,3.135677446107655,no,male
jogging,99,2.1204181145349006,31.003769161504916,7.289008632824352,5.242963546129478,no,male
jogging,100,2.3324790292704356,30.85967885424973,13.41703999003903,12.367155701712182,yes,male
jogging,101,1.9889973003548487,24.970516867476373,14.217991155952648,2.2037804002662296,no,male
jogging,102,3.2278365875592794,32.21228642683759,15.81145021139812,5.6825463161630365,no,male
jogging,103,1.8775623883921908,34.379527051862574,16.545607319802972,2.5881267222245317,no,male
jogging,104,1.5115454518860505,34.397300048778305,11.878230102088871,6.642697711587587,no,male
jogging,105,1.791984309142337,26.811882308820785,12.165742194692594,7.061796874925877,yes,male
jogging,106,1.7344080760297422,29.30078439213509,10.962237035741307,0.45373877706906107,no,male
jogging,107,1.5292832292674132,28.688950020567088,12.60598158032055,5.204493432841253,no,male
jogging,108,2.0057544815125516,31.76923202443715,15.3349615503877,7.975347693765506,yes,male
jogging,109,1.8315655671619382,36.327795239336545,20.501216951410655,3.586955901082834,no,male
jogging,110,1.4204167787246087,29.720483197710866,2.3187106746807773,-1.7223628279548269,no,male
jogging,111,1.955140945566045,37.27440926474597,20.792094444188685,5.177972997707484,no,male
jogging,112,1.2441435571972024,28.77686179291035,12.33513618295878,6.583038051976839,no,male
jogging,113,2.018621921884015,31.740109283087975,16.49321678745228,10.372571410190538,yes,male
jogging,114,3.0742238133776105,30.854203074948913,16.000727613479285,10.257606247774254,yes,male
jogging,115,2.6238717236413986,32.46406811765437,19.42000192903973,6.0760185317209805,no,male
jogging,116,1.3402698706708969,27.195673067293594,5.592401191048068,3.9715274672495635,no,male
jogging,117,2.9592834768728444,30.814944614833717,12.09978272611837,9.757755988733832,yes,male
jogging,118,2.719305565225839,28.07638345239339,7.589724800188064,6.967697423089772,no,male
jogging,119,2.4014747230887368,26.676377472764205,10.174730579646553,10.47124100514331,yes,male
jogging,120,2.394859707983529,32.07875783525651,11.322367635567733,9.310794538996092,yes,male
jogging,121,1.9226536073189084,35.4868597631108,18.41236543383762,4.932010792435971,no,male
jogging,122,2.7612083018967195,25.427133844063913,9.771100111278376,10.406713957439422,yes,male
jogging,123,2.0689697169177164,33.26623602549095,19.77726865767099,7.2147194021815855,yes,male
jogging,124,1.2366093785599106,33.711445404708705,11.019375094904543,4.600126087746011,no,male
jogging,125,2.196270043381352,32.0275566757971,13.153201164975702,5.005435422175584,no,male
jogging,126,2.0562520556603174,30.50233778778721,4.002429675265212,8.980306435114016,yes,male
jogging,127,1.9558855878821537,24.722348086051298,9.8891811485362,3.760724578114921,no,male
jogging,128,1.7674257668925928,24.8344746565797,7.704889295329451,5.9902020771792595,no,male
jogging,129,2.0996756068992948,28.529092901047964,8.307973104660068,7.100971372066366,yes,male
jogging,130,2.3660356334333406,33.556615310148025,17.668969589199893,5.445131880818491,no,male
jogging,131,2.3379879443720237,39.204675070876306,26.66716496294749,6.5775407611509795,no,male
jogging,132,2.8352983455455356,33.05021749313577,23.459310251925825,12.801669074332604,yes,male
jogging,133,1.823261570918264,40.44694102487606,12.261361164874431,3.3129696638485555,no,male
jogging,134,2.02231103136283,37.53808239498966,17.24446096856378,6.523011054727039,no,male
jogging,135,1.4563786694479646,17.510128820128443,1.2221892019964269,7.746394377378425,yes,male
jogging,136,1.5568599321543006,21.258329550025437,8.70997747002674,4.776746019897564,no,male
jogging,137,1.9364625439860077,29.8300597354531,14.875616227704413,4.5582413148169305,no,male
jogging,138,1.7446854081867058,33.652651549161234,7.9187228285633235,7.741624039996205,yes,male
jogging,139,2.0598150418097254,36.2153287977726,16.255454849567737,2.3622476138259714,no,male
jogging,140,1.269769324678865,30.072029910929277,8.481442864477524,9.267752255986816,yes,male
jogging,141,2.032899031112867,32.75854842947399,15.56843110429474,3.630315389713625,no,male
jogging,142,1.5341962345290552,27.517588576355905,2.6607127401533437,7.77171169821732,yes,male
jogging,143,1.3150546293096306,24.050227292621877,9.770915249520446,2.096333886020647,no,male
jogging,144,2.37916105082998,32.7452488747825,13.220217774055392,8.202506078352545,yes,male
jogging,145,1.5031607052423033,31.43899822620529,11.930274621981088,8.578787954092508,yes,male
jogging,146,2.225232209252922,28.00984922383511,15.841487637070786,8.790036503259369,yes,male
jogging,147,1.6737184173331583,23.590148607259103,3.3237925035851905,6.41955665972106,no,male
jogging,148,1.918619028153648,32.683467274062146,11.789080376821701,6.750955894551442,no,male
jogging,149,1.6049544724305063,25.11583713007385,8.620310104554507,1.930477811698604,no,male
jogging,150,2.8089480550345245,44.01200520699283,30.812781973458815,4.608349351578266,no,male
jogging,151,2.451113085096601,27.099187037881773,4.26527193810041,9.655410541662121,yes,female
jogging,152,2.3092627843406603,24.026153718450836,7.559304217270556,5.43744480500839,no,female
jogging,153,2.6524820354741854,29.24401986013663,11.07256696244178,9.137670537516247,yes,female
jogging,154,1.6616098989650903,31.63608732276765,6.854835511665036,-0.2037425658023837,no,female
jogging,155,1.8643678221814062,31.7766402673096,0.9429818701581305,7.25960825539652,yes,female
jogging,156,1.4295221773633922,22.658479961809345,-4.884493916894083,6.449072997591333,no,female
jogging,157,1.639186079305646,24.133708751059412,-1.386409155728724,11.892815282620301,yes,female
jogging,158,2.648500053877738,32.56188418596215,12.23964809165925,7.6638458605054085,yes,female
jogging,159,1.3718385466808591,41.77442687350029,6.667551749506734,0.7274754634095997,no,female
jogging,160,2.2971898731632456,19.213647398421372,-2.6709467522155754,4.77218834135499,no,female
jogging,161,1.881600897094147,42.03012143935714,7.571269789636866,7.0512437205154415,yes,female
jogging,162,1.784924099812831,25.14869211406092,-7.840372001088783,0.7523935284030392,no,female
jogging,163,2.2261170280545297,27.702621336027455,5.6355891907526035,5.608358873906495,no,female
jogging,164,2.063530110210135,29.5554835187691,7.29525088280401,8.579480433663067,yes,female
jogging,165,1.929575302724141,22.909187288354683,-1.2789901516652815,4.687972967865431,no,female
jogging,166,2.3735115034322978,31.176007420325227,13.972572379495203,5.036067952036882,no,female
jogging,167,2.241957736374258,24.163378244996352,2.437959436189227,5.345242435480313,no,female
jogging,168,1.9707423856644006,22.77681940753947,3.1818884420147193,11.291740389677022,yes,female
jogging,169,1.261285743868707,30.44100088393233,5.802773328975833,0.46293024819629114,no,female
jogging,170,2.6251078877667635,22.990877817342657,5.054321226034477,7.600468268370475,yes,female
jogging,171,1.9191796493296074,27.729691210746175,1.1425040422823527,4.778732618311341,no,female
jogging,172,2.432544682572254,22.556660964966717,-1.0127272710564228,10.079668877178968,yes,female
jogging,173,0.8969313534519907,29.54852440580632,-1.3001068905662443,0.9303225682944083,no,female
jogging,174,1.7025632011653027,28.5280817641884,-1.1847000035531563,7.178927621858753,yes,female
jogging,175,1.5143519129764964,34.10170682947282,0.8393444413678586,4.2061410402203725,no,female
jogging,176,1.5032720033858862,26.769654695895323,-1.34829961070458,-0.3332498955791454,no,female
jogging,177,1.2238386207987753,32.71210201715506,-4.046370597568923,6.723503796148374,no,female
jogging,178,2.108369824979323,34.19110789729804,17.07517147507146,5.878450257772183,no,female
jogging,179,2.8665327482760112,34.76155893425458,14.178566307471145,8.259751580070155,yes,female
jogging,180,2.217030678168655,28.069472720017444,8.694731042886971,9.293377136465786,yes,female
jogging,181,1.927567626093391,33.67543063106003,5.602395153985984,10.336165648897019,yes,female
jogging,182,2.0568384831215707,32.03991115583706,7.276574528964934,3.770775314841309,no,female
jogging,183,2.4110182797634954,36.66416353301256,13.282836148244442,8.307795079505505,yes,female
jogging,184,1.7936911824540496,27.78269750860217,2.9010783041689314,9.867465588197618,yes,female
jogging,185,2.2175646444946753,32.32343955087389,5.121604098137043,7.223236451745947,yes,female
jogging,186,2.50946058584284,34.57374677974188,11.434046114804662,3.895857271805626,no,female
jogging,187,1.0513130602639564,37.16381124693096,-1.3383859383544738,8.610553275804175,yes,female
jogging,188,2.1750212842177374,28.719667305625602,7.692728082859386,7.423882119461223,yes,female
jogging,189,2.208962800341934,22.84700237240885,4.715287833616124,5.988194620453477,no,female
jogging,190,1.1495109075845795,34.82652576331093,-5.28944786441618,-1.6276311637201406,no,female
jogging,191,2.2119093362843847,27.67414000608657,1.0889219088120239,11.651029847613714,yes,female
jogging,192,1.5680502769726719,36.63718302512143,4.569408106730895,3.176265462532898,no,female
jogging,193,2.2731682433815426,31.082780174481275,6.569895607920775,1.1474943531052908,no,female
jogging,194,2.0457291325940252,29.358417299965488,0.5988030863727556,4.8127906557114075,no,female
jogging,195,2.69103938376942,28.486401669100424,9.961046838353173,9.57013272448934,yes,female
jogging,196,1.7853717534378082,25.96653892385172,8.829935929274878,3.1106498487109073,no,female
jogging,197,1.2666774212290768,36.783883396471936,-1.8176298876434656,4.112616643486355,no,female
jogging,198,1.8494338181581544,29.6293287379685,0.46752043555086775,2.678207237447751,no,female
jogging,199,1.9926810607288035,28.166880134843776,5.778764829659606,8.773414793108408,yes,female
jogging,200,2.0100733801993855,28.294753844535254,2.128255815502171,5.0871556695653535,no,female
jogging,201,1.708885006160939,28.635184859631345,2.172546542238149,6.5695493668552425,no,female
jogging,202,1.1988509660167985,33.43691033408888,5.341769171941067,-1.2424099268106028,no,female
jogging,203,2.181436893097763,23.391178021324304,5.331616797733609,7.958778167275545,yes,female
jogging,204,1.7669769229557253,28.38241978451945,1.6336643936285422,2.701835691350922,no,female
jogging,205,1.1143079648431713,27.362170004558905,-11.060193059598674,-3.551854312627532,no,female
jogging,206,2.2795944576866356,33.962028723973944,11.057370871170754,4.501123101199276,no,female
jogging,207,2.2986091422428787,31.348961975519984,3.268562087905086,4.919412027542817,no,female
jogging,208,1.8917462584081497,23.54267968322419,-7.958889202200917,1.2527902947325789,no,female
jogging,209,2.4664101243352445,26.22947510907904,5.736233120538721,5.016412933726457,no,female
jogging,210,1.5247259801771345,30.473364751324592,-9.814791900328686,1.1261837394209326,no,female
jogging,211,2.344647535929439,29.108044523146948,3.266438078612777,9.519447846224969,yes,female
jogging,212,1.0395807890421502,29.873577890290846,-6.190263384540902,9.483320097261915,yes,female
jogging,213,1.6380044024549951,29.22704912602692,6.644769149169902,-0.7797424833985733,no,female
jogging,214,2.237947966177275,35.57083942744829,12.083896453214614,7.1025576033362805,yes,female
jogging,215,1.379310420987062,32.83944262397186,-2.1658812953325834,9.339280655156674,yes,female
jogging,216,2.1562437324216437,20.413910349081686,1.3971275500620817,3.952107806908377,no,female
jogging,217,0.996188640034247,35.683353558029495,-1.8676724924539267,2.309492423139459,no,female
jogging,218,2.087477043695546,24.36722551613567,0.5835184357345592,8.376021559175449,yes,female
jogging,219,2.1484996252171795,29.314386975206816,2.342692639024219,7.913860469876755,yes,female
jogging,220,2.5260689214577514,33.12142421598904,17.325899924939733,8.622220725682482,yes,female
jogging,221,2.721077229465602,29.924650209926998,7.305182995998639,2.1910958746848737,no,female
jogging,222,2.746028843173839,32.88359418076049,16.73770260921518,8.775961081848052,yes,female
jogging,223,2.538934022686894,34.01433624835647,15.605242029311313,9.861378381277039,yes,female
jogging,224,1.894700184089931,28.656696296668816,4.332732589684137,9.856570702264694,yes,female
jogging,225,2.129756950801868,36.32078287666207,3.520976679573166,4.471134349135616,no,female
jogging,226,2.3242402037536243,26.525937140333408,12.298241011789749,7.248132888819568,yes,female
jogging,227,1.609936321848618,34.84933716166602,5.879858990505839,3.9121737431106123,no,female
jogging,228,1.901250442738567,26.445948110595022,1.6664420255255488,2.166401850234417,no,female
jogging,229,1.99142715678012,35.07959542827705,9.664465628484823,6.881908205778405,no,female
jogging,230,2.8113533780690814,28.92750355630637,17.971935419955393,11.985711339305137,yes,female
jogging,231,2.185529171512409,36.23061676011238,6.475179030874509,5.488239009149148,no,female
jogging,232,1.965339711481522,18.73851761888057,-7.176443192299935,3.248938659488744,no,female
jogging,233,1.9534919367873191,32.3642812200871,11.972729822516408,10.611151017697946,yes,female
jogging,234,1.770592572504402,30.031593798048988,0.8065420617960426,1.7729099353955124,no,female
jogging,235,2.5447010636391143,23.797176452339855,12.452862787586355,4.4239254871014575,no,female
jogging,236,1.6518337010284136,31.41113170269311,5.65406207130712,3.843438024288179,no,female
jogging,237,1.7889344517633459,26.728661036146356,2.404497287466347,5.659248945242735,no,female
jogging,238,2.3567512427599904,26.534134586754302,12.42335576278145,3.5205122921578846,no,female
jogging,239,2.778892930600496,20.1672629261152,0.9971381731709159,7.55721232836638,yes,female
jogging,240,1.5653082992368708,28.62907391663856,-5.186867730507806,4.742657709698574,no,female
jogging,241,1.6785577470615982,23.35265095697433,-3.34037426059634,7.892985970573165,yes,female
jogging,242,1.644862794621025,31.597838071258586,2.933700023341523,10.45835737903146,yes,female
jogging,243,2.173681627119342,32.91435978220263,7.764951976175093,6.294764564870493,no,female
jogging,244,1.2926300554325523,30.609722496365443,-4.040597676754646,2.670112789691938,no,female
jogging,245,1.3273288718606528,28.445241767650504,-5.5733345193151145,3.2500953559032535,no,female
jogging,246,1.9363384214857584,26.70302050680129,1.8767909968721017,6.1225218411575,no,female
jogging,247,2.1574544294065428,33.14165940988216,4.924681127661809,8.697487442951072,yes,female
jogging,248,1.5711725541520498,37.50555965575969,4.913901003906118,4.4252895017851825,no,female
jogging,249,1.9559698718474838,20.338806438567502,-2.363440449615334,7.1564509186066445,yes,female
jogging,250,2.125483853937546,31.7230031039821,5.308333895879826,5.073906471058817,no,female
jogging,251,1.8396912874724176,36.648020633027805,4.453123591282699,3.351127229797162,no,female
jogging,252,1.1356745198829896,27.623325155713673,-13.137977454592198,6.076689378258022,no,female
jogging,253,2.0288845381021297,33.593304468242614,13.981441440244161,5.371801023876389,no,female
jogging,254,2.3869261781802473,31.02621822384277,8.86077271211763,6.5219112326371445,no,female
jogging,255,1.5134567194396986,35.82733438466065,6.473269755725141,6.7688355412065855,no,female
jogging,256,2.000053994621527,30.10857933057691,-0.21771588145801601,5.632605747307697,no,female
jogging,257,2.799999676886646,34.55081651109484,23.141502111617804,4.271854727299254,no,female
jogging,258,1.180744596650629,33.78387813616773,-5.676177295828064,2.3214808467153114,no,female
jogging,259,1.591763435421107,35.604241255705425,8.697034787827695,2.4617995250284093,no,female
jogging,260,2.3709609369717057,33.88961014565,12.537309364956823,5.595984604729571,no,female
jogging,261,2.3937263765431296,33.36035290867196,10.041117817847827,7.761011936763808,yes,female
jogging,262,2.3464718294797295,29.872821830968633,4.63638273150139,5.866597629698632,no,female
jogging,263,1.5003288654531186,22.28541002449672,-4.8376340008420735,7.982424751581714,yes,female
jogging,264,2.8363010527135257,41.91518301155025,23.27544960285477,10.384697880716434,yes,female
jogging,265,2.0699749709554465,38.055121479321016,6.4858349343059825,7.01507332945901,yes,female
jogging,266,2.3542754915728876,32.40808177710561,15.592209528469784,10.699222716511455,yes,female
jogging,267,2.9706483577852745,29.551180963997627,3.851746316602487,9.738729486203555,yes,female
jogging,268,2.1245653096061514,28.607779325411144,13.302830501581365,3.1423884370086856,no,female
jogging,269,1.8131768951398655,28.243399364361416,-0.7464449624893823,4.251573251137756,no,female
jogging,270,1.869893913386518,31.832601463451276,4.5791915728008785,3.0219138064492146,no,female
jogging,271,2.198402563737114,24.53648907301301,4.210993573655231,3.316061895414676,no,female
jogging,272,2.0525870720788655,30.152262029144016,2.7339221325840772,7.217521558493278,yes,female
jogging,273,0.6683416319674889,25.684532541927947,-5.477191706795264,2.003402669004762,no,female
jogging,274,1.557110734839953,27.32527138207117,-0.8031557332991024,4.812336089892436,no,female
jogging,275,1.9776534072533112,36.75557452449516,7.848263756344805,5.7996612509412,no,female
jogging,276,1.809473313433095,35.11126239382084,2.6262475437514317,4.339397925971795,no,female
jogging,277,2.2838788391799856,25.092884021733894,-0.3603871799727615,3.0218720322779493,no,female
jogging,278,2.2695510931967404,41.01456569352107,14.44806105022462,4.454073013727372,no,female
jogging,279,1.5851222356948438,24.818715448639708,-4.377123096906857,4.78243685004535,no,female
jogging,280,1.6170111970337206,23.35459640915589,-9.438920395562116,0.5226762891678742,no,female
jogging,281,2.358486848901502,31.286508006433156,14.791388096888213,3.9476034310152386,no,female
jogging,282,1.7169432473007642,26.714933721075788,-0.0588357263631506,10.286011531283826,yes,female
jogging,283,1.9793285741567228,34.54712410526789,8.292644749999825,8.353855442313648,yes,female
jogging,284,2.3693755204265994,33.74506519671786,7.953929392237836,11.881331187626643,yes,female
jogging,285,1.4675198543188754,24.53701531031076,0.28876993631374304,4.582867569853169,no,female
jogging,286,2.2180578860468643,25.06562401528635,4.657062694873499,11.991669676864605,yes,female
jogging,287,1.3996318984241878,23.294431437321606,-4.9320044950264474,1.797728172603648,no,female
jogging,288,2.229776747812228,28.36922307053547,-3.5911175949331176,7.095352946654792,yes,female
jogging,289,1.4933759192671325,33.56646327098379,5.158278346745311,5.755406540388675,no,female
jogging,290,1.4509014269417473,22.85223391502017,-9.813676167150538,2.95605812941741,no,female
jogging,291,2.127043509266584,33.41549718769822,7.326626955254035,7.467715554975506,yes,female
jogging,292,2.3935173199044724,30.16771270043728,14.398298352879715,6.626762911237698,no,female
jogging,293,1.8466620962739606,26.529683818620565,0.6414239398248258,1.3091055199422144,no,female
jogging,294,2.601102489316706,26.352537686755973,10.44765222388428,8.669308402163086,yes,female
jogging,295,1.6977612527124994,24.8632679194574,7.004230157326279,-2.140182511567736,no,female
jogging,296,1.82282406128702,27.45140118493506,10.213809372939808,4.368464829764889,no,female
jogging,297,1.4648389981599306,40.40453851645585,3.5831520309301625,5.653177003597198,no,female
jogging,298,1.8372774108330558,36.69392593872257,16.751916880578797,1.705917405493289,no,female
jogging,299,1.6144551451718863,27.899004044263677,3.910847304168704,6.3050763089612545,no,female
jogging,300,2.110418072851105,25.23556831619873,7.130654777129118,4.027313307693024,no,female
swimming,1,2.2807107368186816,33.47360468022582,31.904557551216527,5.507071186957262,no,male
swimming,2,1.4675036719491275,26.201716017000614,14.875702369818491,12.46459330396009,yes,male
swimming,3,2.0364615166471864,29.759660853251102,27.568365615737136,6.406366531819716,no,male
swimming,4,2.558688863319967,39.828291498093684,42.0529412005104,8.542514101218856,no,male
swimming,5,1.7716882219782044,30.524459250384123,20.626815628819976,6.531226562686604,no,male
swimming,6,1.744949828122635,33.526573132243335,31.055843102109613,-2.718731530944993,no,male
swimming,7,3.1158767092460553,30.45158292592579,37.129691906263496,20.087375940848318,yes,male
swimming,8,2.1387791169281147,37.78490710016499,39.144943446103866,-6.533315326714929,no,male
swimming,9,1.1403146083812246,32.733529636678306,14.997954221404806,10.553676697130745,no,male
swimming,10,1.7789716830923927,34.50454655456884,28.880261524044965,2.9859614807706585,no,male
swimming,11,2.513379874725999,39.281978834613945,38.391943926828645,14.407906377890463,yes,male
swimming,12,1.8246402354068265,32.77585920621102,20.255095721488505,5.5321460441795844,no,male
swimming,13,1.6579939030266546,34.04354337444819,19.25182692746738,9.80513700197836,no,male
swimming,14,1.6988289581667742,25.456348435757057,23.155097791123858,13.859944877296227,yes,male
swimming,15,2.4225192454534294,25.298279560670586,24.92584578601184,26.351113033344383,yes,male
swimming,16,2.301792324228433,27.492433363110088,19.87449035954153,2.053806168865174,no,male
swimming,17,1.9737628175679691,29.3094263677137,17.90008918442566,0.018709041634435764,no,male
swimming,18,1.817667377146262,30.54148264696311,17.677652164123696,7.855530270088867,no,male
swimming,19,2.1694085498097877,27.489523288899633,22.419917610078922,9.570491741420916,no,male
swimming,20,2.3805402375266285,33.687848306970274,26.661570855451266,8.934584761898002,no,male
swimming,21,2.044154948679211,29.33328742186181,25.387454594458166,10.645441711035437,no,male
swimming,22,2.4762724598008377,22.195460310709073,25.579431226512117,17.31278756082991,yes,male
swimming,23,1.8902898498376202,26.834989308743236,16.127006341190615,11.733381898260575,yes,male
swimming,24,2.4590050075691465,34.674425617861225,29.602083216978777,9.881808379944104,no,male
swimming,25,2.042378182010615,29.077251354038033,19.06512393954153,4.744115691780815,no,male
swimming,26,1.3025808016841318,29.72854204304237,19.90712252193019,6.489487744816934,no,male
swimming,27,1.2892708775785098,25.6673826099379,12.67256168958255,16.454941525904637,yes,male
swimming,28,2.167177707285523,34.47848136305078,34.77525404209537,-1.1338260601072836,no,male
swimming,29,2.6834531759442006,31.967544540219347,33.3420681190024,13.4113454556754,yes,male
swimming,30,1.5983632722775032,16.637266738813473,12.611475252383135,14.464180007834575,yes,male
swimming,31,1.9224117048875866,37.804897280977414,27.602770799503034,8.60331150516892,no,male
swimming,32,1.9086249257782892,25.768640187761925,20.21567120424026,5.716808237424641,no,male
swimming,33,1.5973428996409433,33.46419896393003,22.889801105589246,14.23784722195537,yes,male
swimming,34,2.3947563353796526,25.27893757767016,22.362337269649288,18.1021397783812,yes,male
swimming,35,2.4589364401392113,25.124065552844538,13.304111035482752,13.754449458830244,yes,male
swimming,36,2.636415873500586,21.171385258910494,13.79376461531233,12.970431089205947,yes,male
swimming,37,1.5588041588062604,20.50952770552883,13.602772773491743,10.401537531171849,no,male
swimming,38,0.9870379578972235,26.657333044864824,15.440031021982165,-3.023806935442387,no,male
swimming,39,1.8476369467040687,33.737377281772204,23.300854085476384,12.257268086595124,yes,male
swimming,40,2.329204432291454,29.77095419951832,21.938411044287108,8.175444242294061,no,male
swimming,41,2.160932976714171,25.796193148706525,17.52441233945134,7.570349655279184,no,male
swimming,42,2.0916474437284704,23.593504301473775,17.83907926224021,6.270623840569449,no,male
swimming,43,2.096936618617217,24.301446469505482,13.472391400114264,13.434885678285898,yes,male
swimming,44,1.5941471131022753,28.080845359542515,16.0246960285927,6.023109671303233,no,male
swimming,45,1.7847534478683338,26.087086433669654,15.640839598934146,4.635854550383066,no,male
swimming,46,2.5099753916993985,32.9558501419737,30.645471365861994,21.674254316571904,yes,male
swimming,47,1.2756159519490347,26.822920888150236,14.173797650287185,9.435172613985378,no,male
swimming,48,2.2113346618301764,33.682084522734556,31.41872610440157,5.216383541728748,no,male
swimming,49,2.749366681655627,20.10621148903713,15.774367773531557,17.58090298747931,yes,male
swimming,50,1.162022663893242,31.21949009972536,10.13891288701496,3.6637951804430395,no,male
swimming,51,1.41485842919371,28.686745168083608,17.164195628198563,-0.15557716387542975,no,male
swimming,52,1.5401729458103972,31.686999904049653,16.6608699190424,13.337009342901538,yes,male
swimming,53,1.7645991237022585,30.82673422922684,22.340650924977613,2.7103926566111225,no,male
swimming,54,1.0010280727506635,34.25105970692463,13.412705091537715,-2.216553187451227,no,male
swimming,55,1.5042268414508722,30.325434526209122,13.52134667512789,1.1196908088352924,no,male
swimming,56,1.9496506785526726,24.922245910058134,15.919453628534592,-0.8618118073653562,no,male
swimming,57,1.2405980303477562,28.0303610990884,13.380537976779701,-3.675490193330356,no,male
swimming,58,2.3341191573083715,29.740650301407758,28.962844428353222,-1.5315885811841152,no,male
swimming,59,1.6787053434133747,41.8845618427849,34.70042156536301,6.0814949857028395,no,male
swimming,60,2.0042759374668107,23.200960955276862,19.13248833695112,7.275998359249213,no,male
swimming,61,2.0345145807652143,27.725504273369616,20.804786562403685,15.27370919246037,yes,male
swimming,62,1.6150534640843548,33.03840064562191,16.634028891382464,5.784290410614305,no,male
swimming,63,1.6142325139975422,30.687494550071378,23.235636000075125,6.445822656184973,no,male
swimming,64,2.2832493308839377,39.26553397471203,41.08519228435494,15.26935049257795,yes,male
swimming,65,1.9774108165799482,23.488340905323803,13.765160674348733,13.26625450853566,yes,male
swimming,66,2.0150037593295664,31.106687291509324,20.046479043436936,8.202222064949554,no,male
swimming,67,1.3576643221368367,27.70518001627718,15.282194043289117,11.02151281203781,yes,male
swimming,68,1.8711366540851941,26.660669167340043,17.908099972844763,10.107657246604658,no,male
swimming,69,1.263867818542743,24.8593473264111,10.526301799893346,3.0510917410697083,no,male
swimming,70,4.07221819866506,30.829156047263677,38.09216256995009,12.483219858913294,yes,male
swimming,71,2.354044088128615,27.082062974072915,21.543749808214145,21.711548844463756,yes,male
swimming,72,2.081584310510199,37.17971758244758,35.84628859469995,6.213461996343708,no,male
swimming,73,2.242624412739375,27.688139557884444,18.618062204288627,15.126198125871827,yes,male
swimming,74,3.0283685401940783,29.90209954227544,27.634069873612944,21.110032728733074,yes,male
swimming,75,1.7371955302709843,18.5379026101742,11.675151434328066,3.900729946967461,no,male
swimming,76,1.605326946181525,20.078282359983923,5.131908374505166,2.7198625705643016,no,male
swimming,77,1.6958191075081817,24.453292607355156,15.056997072288683,17.35569732611971,yes,male
swimming,78,1.8543711446385613,29.436950004962792,18.11885438582932,17.580998861093796,yes,male
swimming,79,1.6214477741640425,28.255361080671577,22.425977145983722,-0.05095201736670418,no,male
swimming,80,1.8062566007838416,23.908219551711618,11.611028066154791,14.480324877477855,yes,male
swimming,81,1.2480661737471763,27.274399058293756,14.34014046801706,22.838639634318977,yes,male
swimming,82,2.284554001586627,31.249975299713203,29.431274211292408,8.244781773144771,no,male
swimming,83,2.1315621696682157,42.22196353822068,45.93037140826499,15.410239999043553,yes,male
swimming,84,1.4934372092694457,29.221927748127978,14.952211802653322,7.155379844108249,no,male
swimming,85,2.040241268254875,21.492239523696195,16.35911375241835,13.715656094280003,yes,male
swimming,86,2.1743496836721388,30.345220932737362,20.50672615521233,9.460439178715841,no,male
swimming,87,2.26646756184623,29.011291380672713,23.38302642623029,5.373821009632516,no,male
swimming,88,2.04405521026163,30.298012702068704,22.684168009356803,13.421976487690996,yes,male
swimming,89,1.0472575280858385,28.517695724714788,11.206329876051498,-1.1747151173176187,no,male
swimming,90,2.377808422422822,22.886729934189244,16.129393193336227,15.242164600229138,yes,male
swimming,91,1.5983432163914837,30.714737275412098,27.387500408136777,13.39965251901412,yes,male
swimming,92,2.497556765630579,31.337148172144868,31.024472090094953,11.678003427111257,yes,male
swimming,93,0.8879975839597778,33.09239775470391,11.32965765426894,5.879662834380214,no,male
swimming,94,1.748292687009266,28.1936463167504,16.69203391253785,-5.8660343312118055,no,male
swimming,95,2.0419519202981804,27.6405815425707,22.215670163877842,16.71063451359285,yes,male
swimming,96,1.7675244651369293,32.574662892688124,21.170709814673376,16.82765944572931,yes,male
swimming,97,2.3001597090234323,23.724948756369983,20.242959046230723,12.641904946684937,yes,male
swimming,98,2.671987239442255,21.3155562286421,14.66675168234808,11.773722393772802,yes,male
swimming,99,1.5408690882026599,26.82340360998831,11.385291494670968,17.310761629244944,yes,male
swimming,100,2.192430050863941,32.54050840286317,26.96965478957409,14.92302499150169,yes,male
swimming,101,2.6228075839434357,34.51582399397648,41.1493838740073,15.863119368195058,yes,male
swimming,102,1.9426640047790156,27.637413365016762,18.198661288510763,4.878536822766151,no,male
swimming,103,2.0411245054940848,30.527574625917598,20.280096927546502,16.643985745109823,yes,male
swimming,104,1.9927270619890853,29.430558136491875,19.08853873166119,4.567931000652589,no,male
swimming,105,1.8386346383749292,30.085153391357547,27.50592848226704,14.468653771211876,yes,male
swimming,106,1.3094155619419605,37.94804383249335,16.79937207583621,4.9074271282474555,no,male
swimming,107,2.503068081167041,33.806865488677516,36.027208195954714,18.231259363635893,yes,male
swimming,108,2.8769109825985764,42.246291545021926,50.21628985484577,22.645853851712033,yes,male
swimming,109,2.3535649167778123,15.163753903860638,3.3500444772723603,14.236266129581761,yes,male
swimming,110,1.7613623744881308,30.58261947225275,23.709928464140454,13.322424357558138,yes,male
swimming,111,2.058364368333679,34.721632581617705,37.26114921905349,10.591869015051977,no,male
swimming,112,1.9902065013855,32.82480617230672,31.57136705052644,13.760780177652343,yes,male
swimming,113,2.134287230062222,33.63715918730784,25.479681351706816,-1.7515848770955582,no,male
swimming,114,1.6065864063588842,32.65810701864318,24.567621540131654,9.689709814799777,no,male
swimming,115,2.1283973913287526,40.401440846016875,37.394212105769846,0.706358065819849,no,male
swimming,116,0.9226187452027637,44.07604077838055,24.123826397531772,13.722739139029002,yes,male
swimming,117,1.810092132575518,30.232298589080454,18.521406507084635,14.275295047286827,yes,male
swimming,118,2.607528718743611,32.82779453195216,35.6940408818856,14.601763223502287,yes,male
swimming,119,1.3585171081265353,29.911079563920207,13.671382809685543,4.69385316638322,no,male
swimming,120,1.4149278365204605,30.067962072298418,18.004514619638577,2.9500506079835,no,male
swimming,121,2.290251206604362,25.517903031890057,20.70888686766917,17.89092888276857,yes,male
swimming,122,1.986257889104405,27.942402008395383,18.134237855709312,11.889585509675651,yes,male
swimming,123,3.0887603399262997,22.94163150547246,21.921862031853145,12.03334107145687,yes,male
swimming,124,1.3779061044350711,41.14675117070459,30.030826823516904,5.740232485520053,no,male
swimming,125,1.8942438088880782,27.520159022718822,21.23901831794442,13.738942392581016,yes,male
swimming,126,2.3658004471662832,36.61303555894561,38.89903609124298,11.766383987731754,yes,male
swimming,127,1.7012374858160515,29.50169179161914,16.04718692021344,-6.32189004312921,no,male
swimming,128,2.088084089017005,27.725837139352574,16.678337650602824,17.702437147902614,yes,male
swimming,129,1.3793356737769227,32.2381801183571,17.713432408931382,3.2672188268468085,no,male
swimming,130,1.5609455362131506,35.29382203734504,23.338359539932224,-0.2575851214692051,no,male
swimming,131,2.085292049083962,24.941527528970127,20.50814653000696,9.109058852562711,no,male
swimming,132,2.627456344326524,30.799471929667767,34.67400743261492,11.434812809747473,yes,male
swimming,133,1.6804973553371751,32.52836639528814,22.942521573279308,17.42884680491426,yes,male
swimming,134,2.794003646066014,30.21263210154506,27.295554575281322,10.46768537422746,no,male
swimming,135,2.337162348598123,27.68596379848605,18.218475087483263,18.856670685095168,yes,male
swimming,136,2.1824080197287845,28.978625739260657,24.32610565458203,8.367873086901024,no,male
swimming,137,2.2173473955217275,36.72480691299444,37.47627850780889,7.181197616916183,no,male
swimming,138,2.078051796851145,30.523091189181176,29.203596901908597,0.9787221382741009,no,male
swimming,139,2.6148092453290515,23.89584931188604,19.711179217997234,15.960737809391764,yes,male
swimming,140,2.3081630213443622,24.28701423558331,7.964996042230192,7.793174651723613,no,male
swimming,141,2.121895328978139,22.601701866732064,16.620140065364804,20.23899827636854,yes,male
swimming,142,1.9939782918463373,22.45832320126638,20.81624136171864,11.322707517542204,yes,male
swimming,143,1.970004228542245,33.68679842643206,28.480012436750087,10.897308431828925,no,male
swimming,144,1.7124628440940082,29.94192376128582,23.070085810592875,2.3050984105963828,no,male
swimming,145,2.248357281149917,32.80744655187488,34.03023154372012,2.5641027913375467,no,male
swimming,146,2.5631267663816097,34.82066214665973,33.548398790752714,14.01098880348535,yes,male
swimming,147,2.1288248738204065,30.423686762946815,19.071068928238155,2.8888290967421284,no,male
swimming,148,1.2828294457323943,34.748355632955494,14.272704101869685,1.872598607762746,no,male
swimming,149,1.7218523716833436,31.481232898735872,27.51187325309345,11.328584676304713,yes,male
swimming,150,2.057761469217632,28.809471500656855,28.121521563501727,12.240485342770043,yes,male
swimming,151,1.9281310849651216,29.119779423570677,25.84800040778214,1.2597484955223681,no,female
swimming,152,1.6527187466956141,21.845667338633135,15.211963411390395,20.13136333355336,yes,female
swimming,153,3.6899980294170227,24.67389721680469,20.088894295384566,16.81779653980188,yes,female
swimming,154,1.6739992342095371,31.41182307191464,30.25723683409158,13.573042226225176,yes,female
swimming,155,1.8839268316883997,28.708772478399915,30.27662028365647,-4.430725172829883,no,female
swimming,156,2.5078608114829053,21.483373174081933,22.402664043546046,10.77816432363152,no,female
swimming,157,1.8205894316876898,28.272781208402684,20.8205833386278,-0.7987119568277379,no,female
swimming,158,1.5635349528562499,41.76586007210679,35.12073768038333,2.6600373970916733,no,female
swimming,159,1.375218062948402,31.019409892829387,31.606406638079054,13.135794059710687,yes,female
swimming,160,2.332941374515571,25.324438133690954,20.48421568703634,4.539629128213489,no,female
swimming,161,2.2918860818025606,26.26725956564598,25.565392076930653,11.83650745125622,yes,female
swimming,162,1.8003216127325592,36.311995754451196,34.17316212542119,5.579154794478259,no,female
swimming,163,2.660179526107365,32.65133648106281,35.987989865237054,18.89218915809928,yes,female
swimming,164,1.5452258379106782,30.62314826253929,27.771886901231156,-5.294472199203272,no,female
swimming,165,2.5315279264213544,28.818690687699476,35.784575032821316,18.269613698784873,yes,female
swimming,166,1.834708846664621,24.853889090873693,24.45204551383162,19.57959362408236,yes,female
swimming,167,2.037035560262691,31.93892424300488,29.170363816710054,12.902786826779174,yes,female
swimming,168,2.486482197693671,21.4109903580178,15.705319368926824,18.38514297751611,yes,female
swimming,169,2.517938925526047,28.027756173889095,29.026274303017153,13.133582016633842,yes,female
swimming,170,1.8718581064305742,33.156644979968995,34.3224345862757,7.542611995118646,no,female
swimming,171,2.0420500989807002,30.896721135707306,34.60024817001777,8.194472079326143,no,female
swimming,172,1.5075160928696014,30.10801557596479,30.058950980042166,13.34246320840547,yes,female
swimming,173,1.5681149557311558,18.14772005347321,13.911827046333599,2.511696885939805,no,female
swimming,174,1.4150815017404073,35.655431382469466,31.139057628657127,9.508032250836628,no,female
swimming,175,2.2921810001115794,27.943122942932224,23.13444284258476,9.07268838998729,no,female
swimming,176,1.7775735232820176,26.98645942545025,20.281001050339693,8.9773422709592,no,female
swimming,177,2.08515301368862,36.58816938211945,34.760419745537696,5.9730240055747625,no,female
swimming,178,1.6876437795740036,27.244920807559414,28.470264787804958,5.708769385277597,no,female
swimming,179,3.0639477210826414,26.288970173842642,30.008516992867122,8.54507627658377,no,female
swimming,180,2.0121669060767675,30.518981378641286,25.794215968663035,10.923116264382388,no,female
swimming,181,2.023377099666081,28.6652154102392,35.124396280159104,1.1152795823340025,no,female
swimming,182,1.7227430583117611,28.74815336184283,25.743982662207912,3.3918473986863997,no,female
swimming,183,1.1809350087475448,25.020335248238947,28.59954450197757,3.924362453316931,no,female
swimming,184,2.5669089741494573,33.133457099731885,38.411056632622454,14.111040074181197,yes,female
swimming,185,1.3415941472432569,25.945356313609693,20.809391973504386,-2.9256139403934913,no,female
swimming,186,1.9145995721015148,33.11132224021373,36.22010963587272,8.40156639737575,no,female
swimming,187,2.6834525354014644,31.49528500889391,38.547090762389196,7.763064573782962,no,female
swimming,188,1.834439402439246,26.58834535269049,24.440033940606227,-3.265470168247342,no,female
swimming,189,2.1071281435522113,37.23258128110807,42.900031531692534,4.33706059581805,no,female
swimming,190,2.0208512074164715,27.866622017277436,19.503757667794833,5.63956916832587,no,female
swimming,191,2.012757242050744,26.27891308344317,21.515066039090733,8.782279458137005,no,female
swimming,192,2.2633939583612057,18.501621598594845,17.521048368726085,16.06344860282863,yes,female
swimming,193,2.410400312715222,26.475740984430054,31.227424644032588,24.60759039396078,yes,female
swimming,194,1.4851990596770173,32.74370888019333,33.530302361304855,2.0392364799501728,no,female
swimming,195,2.0544699164126228,29.808525489408602,26.97861841354504,6.903163279296853,no,female
swimming,196,1.7664648103005223,32.713534712916875,33.48331377066537,2.2172791102831706,no,female
swimming,197,2.070897711715456,41.64810171632329,44.826093054390924,-0.5863280897686405,no,female
swimming,198,2.322149520357637,36.14914894994685,41.840302922493755,16.511502617060543,yes,female
swimming,199,2.166084667685798,25.797018950244876,25.688488461870374,4.452840966652868,no,female
swimming,200,1.1447354179603644,29.75178187683073,22.261901271064414,2.4811436674351146,no,female
swimming,201,2.274650235238951,28.673787765692246,31.616867453431333,1.6388585289689939,no,female
swimming,202,2.0218709103418835,23.213559363921995,20.004994613867574,13.332415761995907,yes,female
swimming,203,1.9880790126188987,32.459226019310314,35.39438432947056,16.493200426562723,yes,female
swimming,204,2.4580879930865818,27.540101910007927,31.527284980034675,14.592723143227028,yes,female
swimming,205,1.911170033545564,35.75943290661126,39.57021226489413,6.693393364403818,no,female
swimming,206,2.85082022037422,27.254834953240593,26.125212620238592,15.133150702462059,yes,female
swimming,207,2.1147898361529234,29.935302874102597,29.553664469935267,12.42488236466428,yes,female
swimming,208,1.7600880751094188,27.14960583688621,23.59104591161275,11.18174963522261,yes,female
swimming,209,0.9231158458277628,33.10295329821211,22.485668531270836,11.398510307001239,yes,female
swimming,210,1.6597965193424573,37.18331550821899,23.268295186979707,7.315617301242793,no,female
swimming,211,2.5004478730264332,37.6554069099884,48.98346730316554,11.882468066125384,yes,female
swimming,212,1.539290494068015,30.449447335659585,35.782604712670725,3.1749840679851333,no,female
swimming,213,2.150921194812259,22.575241432304647,18.3581147771206,7.526220288161455,no,female
swimming,214,1.4425264339364716,26.88684239617472,29.4465990271024,5.087844812275181,no,female
swimming,215,2.365756212125932,32.90658876701312,36.165562694737616,13.17210610077494,yes,female
swimming,216,2.098982702130075,32.556884098991056,33.40663828397026,10.254502369381484,no,female
swimming,217,2.233682401623955,27.90978130337651,35.99983718018199,15.366779225504079,yes,female
swimming,218,2.1953782315624437,20.885011282777057,15.985120717186302,7.055103293423562,no,female
swimming,219,0.7435677350037961,33.749804981743864,17.68641374204924,3.1325563693401004,no,female
swimming,220,2.047062632512503,21.307828751980114,17.791755549635933,11.36705044337856,yes,female
swimming,221,1.3476115576334968,32.815528348969146,30.0161098504265,11.786959190902099,yes,female
swimming,222,2.2316497453944657,23.51035605995019,24.61326455842908,9.483339620984196,no,female
swimming,223,2.0962331936360274,30.512791715624754,27.60935271961887,6.692167087763735,no,female
swimming,224,2.503847612919285,35.863488935513566,43.57867092849794,13.550341101535102,yes,female
swimming,225,2.1309190665479294,37.79199113916018,39.92294151529126,16.730176300156238,yes,female
swimming,226,2.197148787581734,31.228328171201394,36.61184419592245,15.269889570622123,yes,female
swimming,227,2.492371650744088,28.45884852206836,34.56425803806208,5.510651425263498,no,female
swimming,228,2.2813598719741526,25.938815541188283,30.497463738414492,8.63343225995313,no,female
swimming,229,2.1149973566499165,24.549797980485,27.020823808827895,11.883388706263464,yes,female
swimming,230,1.304601990914774,30.553137644721172,29.984854917559392,9.026133601649095,no,female
swimming,231,2.12614005034435,37.82010224386788,40.33876074020082,9.042534810092947,no,female
swimming,232,2.360278819160971,15.233939540362593,18.27205078774408,11.418542667291346,yes,female
swimming,233,2.061786025173686,27.39480918012261,26.165199010410362,17.411316680403488,yes,female
swimming,234,1.5431024396884911,35.79625014069682,29.711598573382698,9.593760858979126,no,female
swimming,235,1.854208469039487,28.118738835906523,27.5602716880177,7.422417713851978,no,female
swimming,236,2.546024431702116,40.93464984364931,54.15045950506739,13.882430902882367,yes,female
swimming,237,1.8678338362521754,30.921873805186497,29.2875019689118,9.418320917572183,no,female
swimming,238,2.635346719104444,26.085568165100256,30.139546065414997,20.049320809020685,yes,female
swimming,239,2.2682582936571682,37.08796226199519,40.056652948164796,14.227669168616142,yes,female
swimming,240,2.19466831639766,30.955804288446473,31.439129138468513,2.820269829343566,no,female
swimming,241,2.455016661199465,28.20505065958486,27.363363510794137,14.523567277342002,yes,female
swimming,242,1.7978341056537148,33.58929393655742,35.481600239442336,1.77069578049377,no,female
swimming,243,2.4953858423523103,33.989484049130255,35.18034767862149,10.059724176996163,no,female
swimming,244,1.5689671175354771,25.264715247017726,26.32729534658302,13.527908860080395,yes,female
swimming,245,2.474727584441286,33.195333219938526,40.20039784053183,9.850072112652315,no,female
swimming,246,1.3444058463329158,35.922337478900936,33.89378124148405,6.129366375989644,no,female
swimming,247,1.190844402370698,22.344935179007425,18.34637680841077,8.802495974621998,no,female
swimming,248,1.0469252653326104,24.839954484173475,23.48211003055009,-1.4960280350181705,no,female
swimming,249,1.3422300028711724,30.618497123056088,29.585969939114314,3.431832241163064,no,female
swimming,250,2.0042287647543726,22.71821439340756,12.183659285622683,16.723649067906198,yes,female
swimming,251,2.0449208408676687,33.69489713676964,40.95153888651234,11.036656469885433,yes,female
swimming,252,2.2695483866343436,19.659113337484605,16.719353951679903,15.312354763162249,yes,female
swimming,253,1.8025463896386265,30.316293331626184,26.798203208389463,15.196779806547472,yes,female
swimming,254,2.490393931119558,26.765817282029577,24.68634842278853,7.030445656977456,no,female
swimming,255,0.6496472271215401,32.91468498260265,13.728555083986036,-9.47448965432304,no,female
swimming,256,1.3076031078833696,35.30143554023799,23.283551269243,9.488070840463449,no,female
swimming,257,1.5551374771848554,28.838068295910695,25.57031534393453,19.35009576507302,yes,female
swimming,258,1.3300983142726555,30.032803152018072,27.415849805676196,2.704388173996593,no,female
swimming,259,1.7800357353976697,23.43206477985843,19.78508365822642,12.303602280116598,yes,female
swimming,260,2.3961349484856047,28.12571650845687,26.70696938385678,16.257681406294193,yes,female
swimming,261,2.2505943560345476,17.78070716301658,11.445654060359423,31.878841648725412,yes,female
swimming,262,2.0076595838039446,32.34578646723345,31.663245256022286,15.868312456388438,yes,female
swimming,263,2.2776186892042403,31.232348144421422,27.08571036987736,16.41204544130057,yes,female
swimming,264,2.3383927836745864,24.620985537624556,21.674582478249732,21.28773836395911,yes,female
swimming,265,1.9737602759707293,29.447131564276788,36.688180957305676,13.854567576998253,yes,female
swimming,266,1.8697175702882,25.15082311222298,22.643527097523606,11.993670947332014,yes,female
swimming,267,1.94079678846033,29.920339829836617,29.122920787509017,12.342432688594368,yes,female
swimming,268,2.0158025563358564,24.480917395418146,23.61894652387012,-2.3223057698111376,no,female
swimming,269,3.038235472852007,33.923831269487536,35.69708321583473,12.03893548229205,yes,female
swimming,270,2.4259018076368952,23.194556454260916,18.98044124589306,28.49617452708688,yes,female
swimming,271,2.0323326985551677,28.116900013876467,27.636755808722768,4.738970279629102,no,female
swimming,272,1.3889243482300628,24.464691442591764,26.205892805527164,14.174247243889758,yes,female
swimming,273,1.864663225805637,36.00449118015384,29.99856863925675,2.3175620323752186,no,female
swimming,274,3.197407775447788,26.334052186888695,33.32981749322835,28.15482933330717,yes,female
swimming,275,2.5916609353810194,34.95991477367157,44.35966968719395,18.088556638605773,yes,female
swimming,276,1.5919777545561429,28.371704019040553,23.56183536981572,5.5789438913399785,no,female
swimming,277,2.400119104532111,34.87442472820804,36.69029958433529,21.83021442633543,yes,female
swimming,278,1.3900290644221729,21.023354968118657,19.080608709561552,8.728099940862904,no,female
swimming,279,2.5540387307500607,32.36887547354251,30.712435020855505,13.98321562768456,yes,female
swimming,280,1.747350708571811,24.305989422684352,22.911072093251917,21.28806648357756,yes,female
swimming,281,3.0881701503983976,34.86843912967393,40.95745414620677,22.295910504679412,yes,female
swimming,282,2.2126870392042535,24.422460763634938,25.278455440192,15.191246410841842,yes,female
swimming,283,2.1769596006414584,29.52562455507102,36.68035465964854,8.391227035722533,no,female
swimming,284,1.8893158096422555,38.63856049784046,50.202774622714614,14.462209994383997,yes,female
swimming,285,1.9327363446772234,24.698771830460707,28.229222106036286,16.60912075454779,yes,female
swimming,286,1.3095368857362346,34.38663066472977,34.71352102013555,11.022722232024616,yes,female
swimming,287,2.5566938163402178,35.96156978018593,43.22065703720477,7.887771027943947,no,female
swimming,288,1.7451140152677294,24.379866814997285,30.68479704516813,10.46414483031479,no,female
swimming,289,1.8114402272997556,36.99534303121927,31.680139162344613,6.416656462891157,no,female
swimming,290,1.8689675752522537,32.40447330677228,34.02687138784512,14.510591104409574,yes,female
swimming,291,2.2386114090492306,34.53344772287454,35.08693434246983,7.090508906945883,no,female
swimming,292,1.9153049890937481,29.97039452651115,27.339618667930537,15.368771549327699,yes,female
swimming,293,1.5040845694652767,31.4760153881267,31.150885373164492,16.426784756369734,yes,female
swimming,294,1.3100605843744537,30.125539085900563,27.749578052408342,-2.3516418104773757,no,female
swimming,295,1.9246009432107547,23.629132687184423,16.83991220434344,3.994740244379903,no,female
swimming,296,1.9767619442767752,26.18075353248763,21.701973781258435,12.254612512841675,yes,female
swimming,297,1.6301716760249294,23.85364584985713,18.425746614766986,9.470186157624092,no,female
swimming,298,1.6172380890427989,38.79313858994776,37.22547432835065,4.168393544146226,no,female
swimming,299,2.8778393434889438,26.64978799468471,27.303294386487895,15.798541974981786,yes,female
swimming,300,2.1419978821106964,38.81696692260845,38.665904922668084,16.565158805287336,yes,female
reading,1,2.348580486874916,25.738471701117636,-0.9063075752131672,-3.9278069331172194,no,male
reading,2,1.9098825594099225,30.433341158516374,0.33919756526328615,-3.794561489015296,no,male
reading,3,2.2822411107559533,29.335048433489607,-0.6045290123537816,1.5038156953294686,yes,male
reading,4,2.1150966631205,33.49094652425991,-0.9097467170111434,-5.89339087423722,no,male
reading,5,2.2188857996855513,33.129809505741754,-1.6975288791854248,0.9414147712551698,yes,male
reading,6,2.1800203817413224,15.998552047208154,-4.106028480400753,-0.2726551121244568,no,male
reading,7,1.0394493199320651,30.750528490582678,-1.0272587345485933,-4.361780413369553,no,male
reading,8,2.481272794336479,32.01370490110281,-10.047340162740245,-7.019140853301357,no,male
reading,9,1.917805219872572,30.815281175239793,-6.553905528618169,3.8636264061245442,yes,male
reading,10,3.1779118134499376,31.334977050210853,-12.520112213540266,-8.9555151656656,no,male
reading,11,2.6956107836542245,28.302573964116256,-4.238788771769494,0.030829142867350945,yes,male
reading,12,2.394883431641748,29.583851870454282,0.001279143251019521,-5.2850229847172585,no,male
reading,13,2.4699782855595016,26.289625645670757,-7.756399154100011,1.8696734278377665,yes,male
reading,14,1.4722958403085686,17.57202299440255,-1.8904690514517286,0.7552068115083294,yes,male
reading,15,2.3530968801426386,31.06734722194901,-7.823982786360868,-4.0307006515372725,no,male
reading,16,1.6878703508056077,34.15008840013007,-5.230564852996049,-6.752641103376867,no,male
reading,17,1.9529462761210206,36.00666593477465,-2.196705260313968,4.276413674106976,yes,male
reading,18,2.001866034337915,30.004236091046664,-7.008538336360974,-3.2627503388070047,no,male
reading,19,2.1604683900229844,27.11667458541991,-7.771700587438064,-4.6205724061465405,no,male
reading,20,1.1184936997240649,26.75165466425456,4.2738395647341125,0.06385336600311971,yes,male
reading,21,2.319627237365716,24.035598708101567,-7.065053688011803,3.461813282448481,yes,male
reading,22,2.274694789778194,28.236412366838742,-2.0812770143459254,-5.664568895854732,no,male
reading,23,1.7082153191886897,18.542837580322963,-0.2423509668577084,2.698471308137253,yes,male
reading,24,1.6705344933365858,28.29333440074263,-3.7614513845723287,-3.614337278383892,no,male
reading,25,1.9192333046571883,29.154122471256514,2.482240574589938,-0.4610870796044365,no,male
reading,26,2.4774622903797803,32.365725651689075,-5.129984423927216,-7.992356402631525,no,male
reading,27,2.7818644898033194,33.97203487680036,-7.99169634574241,6.060205915510621,yes,male
reading,28,3.0531897497640776,23.425553225629336,-4.645074292906183,-0.15794684911407098,no,male
reading,29,2.6394859639865533,32.26129356208015,-9.511893060780602,-0.99872811004403,no,male
reading,30,2.2578869340755565,23.09235603109917,-3.090760525260372,-3.1342147575091137,no,male
reading,31,1.8015251839687119,32.94975717514222,5.719971167585869,3.3465044733761453,yes,male
reading,32,1.7533571395823173,21.970164187590267,-9.096559349334271,-6.7220921652552725,no,male
reading,33,1.5025122861621,38.098928654332,-2.52889029169944,-0.5201715542160523,no,male
reading,34,2.321659690707886,35.98737039117455,-3.4494640126125233,8.316516077454036,yes,male
reading,35,1.1800746289659583,31.42152852728211,-0.1271399247708141,-0.052254800603980606,no,male
reading,36,1.5569590247060838,39.90873220749782,-1.3856461226565373,1.3564843735163707,yes,male
reading,37,1.491875549473156,29.984191886329782,-6.2946951057318214,4.2757286081715655,yes,male
reading,38,1.4208622403590807,26.13534983625998,-1.4861596539249355,7.474724405826616,yes,male
reading,39,1.8043081687872902,35.85175623384801,-6.223291449041777,3.7725681260827755,yes,male
reading,40,2.879580103955587,25.213301899470785,-10.10992949825538,5.4950034958965,yes,male
reading,41,1.8090470616569965,28.593508350511378,-8.714331449239964,3.756057268407896,yes,male
reading,42,1.529990610908893,36.389293096894974,-0.6311007431032002,-3.4875385019896568,no,male
reading,43,2.244162735392379,28.94598047058952,-8.167524010259049,-2.6686542804282634,no,male
reading,44,3.094100262861824,23.71824025602957,-10.076381936902424,-2.0003470513968398,no,male
reading,45,1.706550971634633,23.17105788967079,-5.25169990834538,5.136102824016336,yes,male
reading,46,2.054565622507625,30.25690121708895,-2.5728566119398955,3.174977806313995,yes,male
reading,47,2.3413341777639927,30.00901636340474,-9.345355875008025,2.2859163856804576,yes,male
reading,48,2.4209507072340624,37.89977598928764,-6.851943024429755,9.397609035456577,yes,male
reading,49,1.4812318702333545,27.355148855318003,6.5058654722689635,0.8187171118790983,yes,male
reading,50,1.757690627368277,32.725074608578296,-2.6840528100475196,1.832705019292962,yes,male
reading,51,1.3577746067452101,29.678474584363926,1.455699895306146,-1.7357243271133869,no,male
reading,52,2.4496748122395777,40.8194862238126,-1.7911962999008098,-6.082200881193831,no,male
reading,53,1.7557875174849888,24.958976873940998,0.05806787126216795,-0.2729487884138821,no,male
reading,54,2.0929364047195067,28.996000651588655,-6.377654524085937,-4.45997681611238,no,male
reading,55,1.5775798564495378,30.986347758274036,-4.197730153685048,7.856316476355296,yes,male
reading,56,1.9389585445367885,30.238550066089353,-5.6241892241768054,-2.435202814318282,no,male
reading,57,2.410676419752347,25.69707946120012,-4.473627523632414,2.4275867132575155,yes,male
reading,58,2.0948117148320424,36.94775799088511,-9.656159980494989,-5.759500876530124,no,male
reading,59,0.5905290413323674,31.7379166149077,-1.461044038014493,2.4541981895788676,yes,male
reading,60,0.9268379090341674,31.035949136760408,-0.951814966023376,-5.845931300917095,no,male
reading,61,2.109731073574505,33.269263033985894,-5.673433153630243,-5.899864238529172,no,male
reading,62,1.7619895538682198,23.644977922319526,-9.720744735164644,1.9603997620774052,yes,male
reading,63,2.5889046683539743,32.39938728733056,-7.628575558187829,-1.6840281119591354,no,male
reading,64,2.2884750902351465,26.087329951632896,-0.9710888402999002,-2.663295405428272,no,male
reading,65,2.2176330876470023,26.01851404460012,-9.732437146792003,3.3137039945424047,yes,male
reading,66,2.7952177846945663,29.451653373820296,-9.64964815001001,5.343983919601255,yes,male
reading,67,1.1601979248734555,29.301391355460165,3.3424544606575877,0.3598960764020787,yes,male
reading,68,1.7651639698623325,18.603733411644043,-1.5975777694412776,6.11718899314837,yes,male
reading,69,1.5696523179178152,21.879304150450402,0.5412628165903183,0.8685244152391269,yes,male
reading,70,1.8418919742134023,27.235921454315804,-5.984424564026561,4.714896586182875,yes,male
reading,71,1.8871813032163993,28.510332637464483,-6.96369461333288,5.066638373110358,yes,male
reading,72,3.279521268992026,27.76539921621776,-5.080193687782856,-4.915714634778576,no,male
reading,73,1.840893734584915,30.841574063088128,3.97101769167031,-3.785312485988322,no,male
reading,74,2.3380496726232454,29.0923281110776,0.492137842114973,-1.7322707335167327,no,male
reading,75,2.5951960526062168,24.403043535580945,-7.79366890794876,-7.035645891801673,no,male
reading,76,3.273179703750812,35.527277286630465,-6.685690064164293,-4.1873142094170275,no,male
reading,77,1.9839314865646374,41.070286537175335,-1.401660698497921,5.843986398224426,yes,male
reading,78,2.2322471646048183,32.18774106601618,-1.037460765042637,1.066106755529563,yes,male
reading,79,1.69788626807678,21.26853689865168,-5.779561741082454,3.9676380399863196,yes,male
reading,80,1.2761359910650576,20.40825269759837,-1.3895728510791907,5.0910767992682064,yes,male
reading,81,2.1461245372863442,37.07821960469995,0.2458190545042782,-7.021713649550023,no,male
reading,82,1.7065756892833561,33.17316064832945,-1.729157383907145,-1.4395786564275892,no,male
reading,83,2.55091708002199,30.89903054725171,0.13556824056685457,-3.8305914656764277,no,male
reading,84,2.255062531008298,31.56496628627563,-4.965439108386313,-4.642869919802681,no,male
reading,85,2.0835569684124917,22.487438959565914,-8.1567926363502945,-1.1096388113632272,no,male
reading,86,2.0786333499100382,30.016934399001308,-0.9957613797913473,-3.3491529318066218,no,male
reading,87,2.6849129597398442,29.625263993129565,-7.276312767347147,1.2950213162912236,yes,male
reading,88,2.47291242995446,31.193053204528184,-1.3787078941352648,5.14239391156678,yes,male
reading,89,1.6893078507247064,28.53283107094747,0.5150083758024548,3.6737821802031707,yes,male
reading,90,2.38650103239514,35.00726070915789,-2.4476359885895036,3.8977470357044828,yes,male
reading,91,1.883230717915567,23.189548785091425,-2.251965781474411,-0.1322621260354775,no,male
reading,92,2.9685290382658436,29.593711790311094,-3.7445339906523367,0.9136594548258007,yes,male
reading,93,1.146826837477513,19.027577769813046,-1.529615357562464,5.678477207392441,yes,male
reading,94,1.985213881413145,26.594377361573752,-1.6012528601335965,-0.7470954647848327,no,male
reading,95,2.248475253382969,21.58943258534929,-7.379213192588738,-1.6204900328710725,no,male
reading,96,2.462552528727731,23.458409130982417,-2.3428712735771624,-2.6457319087709745,no,male
reading,97,2.0302266776141726,24.15694849828441,-9.950435521600237,-1.7278662259225164,no,male
reading,98,2.068922216237686,30.275574525051425,2.961823494263416,8.362228491311244,yes,male
reading,99,2.09720903497939,31.099279729546573,-6.442069486329855,0.5219118672374805,yes,male
reading,100,2.4452613770345284,37.02448576258188,2.6927323814192246,-12.390246278113146,no,male
reading,101,2.657330780171266,28.405214090012162,-10.82715197694621,1.447376087156563,yes,male
reading,102,1.9195043838449979,36.82335666153999,2.3864899667628245,0.5614935728350738,yes,male
reading,103,1.6325903590429445,26.426790515907893,1.6784614334476053,4.284633555287559,yes,male
reading,104,2.4826721268608134,28.788940384687336,-5.121288775512261,2.134910452367617,yes,male
reading,105,1.396249773800164,29.13072225906628,-1.7161977263357187,-0.3161323173826537,no,male
reading,106,1.64238387650472,22.04410074843522,-4.367624670842083,-1.101106479493748,no,male
reading,107,2.316557791865941,34.261850726723125,-8.775116483555667,-3.329068067932317,no,male
reading,108,1.8356516528699385,27.365124404148556,-5.395007145158952,2.691863962173808,yes,male
reading,109,1.9570092898222269,33.91885009277652,-10.204841776577107,2.0915675288914777,yes,male
reading,110,2.7510632672888695,24.068157153043312,-9.814887321326188,-2.731586275230075,no,male
reading,111,1.59953375714672,25.438485969662132,-0.10990524620583891,-4.021465240349416,no,male
reading,112,1.800114298069368,34.31073156869799,0.8763913188621064,-5.9063338367909255,no,male
reading,113,2.205748038834824,39.1288156937003,-7.654894484408857,-5.658852310523561,no,male
reading,114,2.166252513595554,25.56636738170786,-3.407904678853708,3.7697863971458734,yes,male
reading,115,2.3937990832668667,40.40285613371499,-2.920444589489877,-0.9931977667762387,no,male
reading,116,2.5829881940875747,26.7014042118312,-11.654702016447995,-3.162040828869898,no,male
reading,117,1.9005902610656888,22.206065489177305,-9.64109357342967,-2.6127159971443152,no,male
reading,118,1.400021321838335,29.788003615796516,-1.6995082467373925,-0.7236052740036386,no,male
reading,119,2.367523263385678,37.145005279993455,-7.517040423618669,-1.5806826244632566,no,male
reading,120,2.59205907445914,33.69954857583367,-4.938184375114154,-6.245350562338825,no,male
reading,121,1.2787437446147631,31.293983226276048,0.32485412437571193,1.8181144007086623,yes,male
reading,122,2.067459970007089,28.713822670833846,5.435330232154287,4.708533720709618,yes,male
reading,123,2.861772689169473,25.846659113676406,-9.315924146846429,-0.2683506137459424,no,male
reading,124,1.9828194461235822,24.814135543517523,1.4610470022533373,-0.5565351338837453,no,male
reading,125,2.3984479212930463,29.520590868179813,-6.541708695113365,1.8721881251477521,yes,male
reading,126,2.173335686459978,25.110735331125174,-8.093298430299514,-7.0897350238421994,no,male
reading,127,2.7907588560375363,25.599511202506353,-4.746107771042015,0.8645361379687773,yes,male
reading,128,2.1578508016532867,33.91010565241658,-0.8828782452281914,11.765234233817843,yes,male
reading,129,2.245473752988345,22.61122642746544,-9.307244169874373,-2.204336434803504,no,male
reading,130,1.3419805195462513,20.218660514674916,-0.25561270244872425,7.1011975564227114,yes,male
reading,131,1.9186915791829122,40.20751168585869,-2.9484093079181872,4.823630440290557,yes,male
reading,132,1.6771511466282747,25.411799419854866,-6.068613681940127,-3.5726848917517184,no,male
reading,133,1.6679330345915222,31.33778888150052,1.6618448665104828,-3.3098456527026223,no,male
reading,134,2.5959074593912055,26.11193188383836,-5.113418584801487,-6.14980472821867,no,male
reading,135,2.088690791168486,26.485974430445413,-7.194164799425359,-2.713851038445678,no,male
reading,136,1.864355000713435,32.49731200483248,-5.653251080470554,0.18280047061588556,yes,male
reading,137,1.9161953543803654,26.169730304276005,-7.910385432481782,-2.935732865259263,no,male
reading,138,3.1863965089042585,23.28740478326214,-8.814620506236793,-5.797459096555752,no,male
reading,139,1.5543499322223342,27.61277889651281,2.392752731424058,-2.246287904093684,no,male
reading,140,0.7127127202237056,34.53263317754033,-2.6816154692697665,3.6796509405506583,yes,male
reading,141,2.0314161615276682,21.708275449041984,-5.087228721320627,-2.877338031311803,no,male
reading,142,1.7576415641704513,26.131780183690385,3.244533041637644,-4.6699392440536,no,male
reading,143,1.661891240927333,32.39611531502683,-7.049739917710532,-4.800660693931948,no,male
reading,144,1.5162755336640694,29.547230007738456,-1.2958983204810848,-5.705490773865255,no,male
reading,145,2.78173682987701,36.500008276591856,-6.727135406265264,4.326667883155941,yes,male
reading,146,2.473990099726215,29.085409664436852,-2.442135951354849,7.801423712751894,yes,male
reading,147,2.1163251638829235,28.330104473187166,-13.218193158679545,-1.5617876500433163,no,male
reading,148,1.2822000941057692,35.018887458199345,-5.075015368367096,1.9936915164480373,yes,male
reading,149,2.1910409620022135,27.164821671926532,-8.321042132921859,-3.3795705486122225,no,male
reading,150,1.6546576578144334,36.30789517327023,-3.4061341842909663,1.4402551449738474,yes,male
reading,151,1.5045070201110924,24.931116067405576,-6.093350717228805,-4.090341046927662,no,female
reading,152,2.618263716233133,29.923058173069393,-4.410932977416154,-7.23986511283898,no,female
reading,153,2.115235625418867,40.98532908040146,-6.867005032384773,-6.2713055231896595,no,female
reading,154,2.6146147068988297,22.087124720627898,-12.040158082472473,-4.0326713239525,no,female
reading,155,1.7847586296859668,30.931225721796515,-6.428168579403618,-2.4710917628404623,no,female
reading,156,1.6895467784724663,31.23440113051307,-6.644689282718915,-3.489477014360318,no,female
reading,157,1.8023200998164957,26.087178348428395,-2.9990054512437347,0.705766880360803,yes,female
reading,158,2.796794953952065,36.943417178045976,-7.23876074557836,7.5786060253806955,yes,female
reading,159,2.991679566540285,24.480150592853374,-5.715562046194739,7.250347341278441,yes,female
reading,160,1.6262895762420384,43.49822169909811,-7.386754680198747,0.6639490117329763,yes,female
reading,161,2.226287728441022,34.8682278747289,-0.7170680135903379,-4.63453426423738,no,female
reading,162,2.2827572152689495,26.781121072334717,-6.239632655388911,-2.0688941088964525,no,female
reading,163,2.3681275173287735,35.313615376792995,-5.907087679122782,0.8854754151768007,yes,female
reading,164,1.3628252964100471,31.78132910644281,1.3266116737417093,-2.333204810399763,no,female
reading,165,2.367115760188187,28.196523224495966,-0.3717820829583157,-3.857294371715945,no,female
reading,166,3.527963728287869,30.594829248810896,-2.8368193938260444,6.516489669996961,yes,female
reading,167,2.763751404162011,24.036572824250058,-1.0409952484963536,-3.3474880618158878,no,female
reading,168,1.785803225846245,30.863971697631452,-4.8815046915577165,5.99534894844359,yes,female
reading,169,1.994466389298772,32.15701512258376,0.9308357348007035,-0.027395491524999843,no,female
reading,170,0.7904018443739564,22.59169823931235,-3.492741164277282,2.790026622877231,yes,female
reading,171,1.6723995957976951,35.56167293201743,-4.1245507757913185,0.43637140555284626,yes,female
reading,172,1.4105539437905388,29.405019847767164,-1.9357690578816018,-4.659198535036324,no,female
reading,173,2.177648800211994,12.948999487434705,-7.951270488178497,2.6724811680914007,yes,female
reading,174,1.3231401536231773,21.670206119066997,4.59338932300266,-4.2416602486699055,no,female
reading,175,2.4695753025384835,35.64671021512083,-9.488060742010441,-6.1917205020000665,no,female
reading,176,1.8172703861089043,35.53602106880398,-2.5375796405788997,1.7900130317745024,yes,female
reading,177,2.1783312530873746,26.655633922449027,-7.981870261112571,-1.5280927304548797,no,female
reading,178,2.3472727277877397,29.2367057321292,-1.7849228032248732,1.0262848329527874,yes,female
reading,179,3.0040840040133374,28.82569853676658,-8.860861165589169,1.1189487567381413,yes,female
reading,180,2.029083371938394,26.933663340180466,-5.699962691442879,4.182844685375132,yes,female
reading,181,1.5197929008439701,23.806035019481143,-3.4125432215314992,-5.614142198463644,no,female
reading,182,1.7597864706051012,38.592509885793035,-1.4385513771686482,5.071499152951192,yes,female
reading,183,2.5133276761479264,23.89204268909166,-6.354554676352649,-2.836808941570722,no,female
reading,184,2.3899984806304375,32.18109184480053,-2.7945651906646995,-6.175308033241488,no,female
reading,185,2.0784859760250307,23.33056108072342,-5.66649656566173,4.256349610352193,yes,female
reading,186,2.596983689571477,32.21795723871801,-6.580212455763098,-1.5110892983559805,no,female
reading,187,2.7851634296721035,27.595172634807543,-6.9385959305144675,-6.578944973548362,no,female
reading,188,0.7459273643140434,26.6377713647071,-4.199529489985124,1.5424986196515234,yes,female
reading,189,1.6827024887499022,17.303721993862816,-4.685694489802328,-6.327785994212035,no,female
reading,190,2.552315058829479,27.137773894684702,-8.981669954400965,-5.338565271873067,no,female
reading,191,2.480965400276934,27.101902776845687,-10.520582351941755,1.6325270428660885,yes,female
reading,192,2.2130478266898823,26.408016038931148,-5.234803601148811,-5.168491928277167,no,female
reading,193,1.7243716380042615,28.49321135975438,-0.17235626506157592,0.673085082815932,yes,female
reading,194,1.6217471046951437,27.434581755525606,-9.250049217919509,-2.1183555056433816,no,female
reading,195,1.795495056458906,26.847569228179204,0.7514910967181904,-2.24739996107029,no,female
reading,196,1.9748317414377725,37.921878031778576,4.224647918215228,6.1152372087176,yes,female
reading,197,1.6536848576007968,30.052797871366995,-0.5002850796697822,1.214130911418562,yes,female
reading,198,2.6224507447324545,24.19118268716157,-9.125625506125468,1.5393275222511895,yes,female
reading,199,1.717420418841856,27.748345979043325,-3.695741640123551,4.010027425538471,yes,female
reading,200,1.5102835512733905,32.95040819464489,-1.626913098968524,-2.9929093089760883,no,female
reading,201,2.052051608670561,29.019074145554466,-5.238561486107642,0.3761363947219164,yes,female
reading,202,2.416849021043836,33.82102087376225,-8.326285905973714,3.845755742288639,yes,female
reading,203,1.9504798283320424,37.87520117808522,1.7503298799709144,0.5050246121284017,yes,female
reading,204,1.887504539332653,27.50712655379669,-3.902935077706301,-1.3623718315580262,no,female
reading,205,1.8280234326003615,34.166159981533596,-5.746146674810149,1.4080549923593246,yes,female
reading,206,1.8118123891669802,25.871738436505886,1.8427249464681577,-9.4714706748847,no,female
reading,207,2.466823593906467,34.97006109718373,-4.491003240721793,2.837071032707672,yes,female
reading,208,2.1151946116618205,38.82301588004854,-3.455820342167458,-4.121082730368228,no,female
reading,209,2.0368879375913527,40.3690427748149,-4.085750925031583,9.385835107152133,yes,female
reading,210,2.12751342416945,28.249233754801843,-5.475876049347418,1.3533826130049085,yes,female
reading,211,1.6266647091409716,35.04542179616093,-2.4927193045769496,-6.461227239200983,no,female
reading,212,1.2413557034115152,23.239806777842148,-7.97654495932191,-4.598577308524961,no,female
reading,213,1.7466010854551663,35.17494978743626,0.12900910267188676,0.6024393986106833,yes,female
reading,214,2.0746149573805654,21.82802214975476,-1.6894337027422752,-1.7497118697870508,no,female
reading,215,1.3362938681780294,24.312038640604722,-2.845429882822925,9.66742968587059,yes,female
reading,216,3.1962743068636765,25.505409823381367,-8.192091698571048,2.7775780674123953,yes,female
reading,217,1.6121904118224102,28.595365690021403,-7.557480671597533,0.21453320410732493,yes,female
reading,218,2.678647074500498,35.65611659323834,-10.334244729708018,3.697237903518068,yes,female
reading,219,1.9725517374733903,30.430822661707122,-8.893904760222608,-5.330253633274978,no,female
reading,220,1.8581610907023274,29.411448019377747,-5.121669534952856,-0.35954645484847514,no,female
reading,221,2.487408745740557,36.05581829578427,-0.31023469057584685,-6.817158452537781,no,female
reading,222,2.680049239654857,36.48242620499853,-5.6704581032297074,-0.9735908069736072,no,female
reading,223,2.004521822239332,33.00161954484782,-17.138027226981993,-0.2900200085585162,no,female
reading,224,2.3614824957113454,26.825304626152978,-6.681346660938372,0.6189596099976236,yes,female
reading,225,1.5935505863874442,33.89955059145388,4.1289379373963255,-0.20751124558432799,no,female
reading,226,1.9307074077828061,27.118654312442942,-7.654033774583276,-2.1978055737084543,no,female
reading,227,2.4531578596671766,24.928065634462897,-2.9125668266988454,4.501722199146036,yes,female
reading,228,1.81069430034743,29.611409970998682,1.3119905771647755,-5.739249660766884,no,female
reading,229,2.2084877823775955,25.518067359762036,-1.906793375681585,4.449646346724091,yes,female
reading,230,1.874887076357945,31.645441905811833,-7.458791073700326,-2.3845265170958103,no,female
reading,231,1.5371773701979004,39.78818289503048,-6.422001379820568,-4.585064198301767,no,female
reading,232,1.0372598180136983,23.276026704170025,-0.5568285000403862,-1.5327731989499984,no,female
reading,233,1.7703398026318353,24.94885132431029,-2.2711574322019645,3.3014718217073846,yes,female
reading,234,1.5237168598701996,28.867476573953795,-0.7907556332559065,1.7203340651558061,yes,female
reading,235,2.3627536299644234,24.487080294376064,-8.666867971627454,-0.9304997224157151,no,female
reading,236,2.7830319930907947,31.413987664759908,-4.504618583037909,-0.7499356353921687,no,female
reading,237,2.6843257030894314,28.880081484352765,-2.348057411869668,-3.1533377057693897,no,female
reading,238,2.5589491426182756,28.145572621563243,-2.8682105559598665,-3.849781087969297,no,female
reading,239,2.6447566751703833,30.11213543406108,1.8852371469486007,2.216664946951456,yes,female
reading,240,2.20107215926865,30.65837542913592,-2.5732671580771522,7.014425853560176,yes,female
reading,241,1.3728207541017512,27.342230810784198,5.928890609622785,-6.595902228171247,no,female
reading,242,1.645423733336218,30.834668809055692,-2.4548577453123173,5.147798979966215,yes,female
reading,243,2.978440711193377,30.298841455978277,-6.945145032988066,-4.603677815866534,no,female
reading,244,2.2205200231823086,29.730730148212164,-0.7107472729563924,-7.3488100686752675,no,female
reading,245,2.0783069269533048,26.08781165141811,-2.1051094051524686,0.23574808046013435,yes,female
reading,246,1.312388659741805,29.017815536700297,3.035435424999279,0.8269473584022323,yes,female
reading,247,2.5495847221314456,36.57587417672219,3.1083095429914605,-4.006017546087743,no,female
reading,248,1.2841300434810052,18.762904892964094,-1.9361532688088938,0.21607709950868806,yes,female
reading,249,2.7015935803116946,29.50336132886726,-0.7228802666955958,-2.173126264740101,no,female
reading,250,2.1718480545212797,29.638762107212585,0.36545740082246425,-5.67407861289772,no,female
reading,251,2.41304115334299,27.649194213536887,-13.500385076057784,0.7339821305262286,yes,female
reading,252,2.125429693888779,29.66140319756164,-9.583974413769393,3.437123545659526,yes,female
reading,253,2.450468278718137,34.31758554348478,-7.719199357335174,3.808935707659016,yes,female
reading,254,1.6858488079756455,34.0252275717471,3.780826709918802,2.5848367479847583,yes,female
reading,255,2.0779408098501184,22.88785238866419,-6.3993723649605885,7.664752446851226,yes,female
reading,256,0.17507590875074852,29.0327060293518,-5.0876946692016585,-1.3270012348810747,no,female
reading,257,2.101664332126806,33.97354271722047,-9.365391239822005,-2.2391758368370205,no,female
reading,258,2.6021594230607628,31.434327797904352,-1.3981194455616142,-5.137845126282422,no,female
reading,259,2.3862565553982122,32.295144792695055,-6.334067586483714,0.1487232465624778,yes,female
reading,260,1.3843792532045944,34.24114694422376,-2.4992110762991557,2.974335625589278,yes,female
reading,261,1.644491020193246,22.98516424288407,-1.207556718239724,3.5976695964810554,yes,female
reading,262,1.7841276947539761,31.908974246095152,0.79206029946708,1.6569792576520777,yes,female
reading,263,2.1002735594505295,28.075639905439793,-1.8558704836856919,1.9789557872591816,yes,female
reading,264,0.6702851103660956,29.56254368293059,-8.029670622360928,-7.785357102755741,no,female
reading,265,2.11808619911687,24.918904486305408,-0.6912774582116377,-3.9121797844298447,no,female
reading,266,1.581508650631236,21.737035324175682,2.51608310013843,6.331385051458474,yes,female
reading,267,1.9165309436297129,34.62931559794322,-1.8394667790996473,0.3027917744707934,yes,female
reading,268,1.8276029191862089,31.877058163509,-0.5167190067482166,-5.284188617663762,no,female
reading,269,2.461255754521407,24.78888594060942,-0.7700829686638699,4.611885627798237,yes,female
reading,270,0.721723734376164,29.333056101966715,4.210946776361849,1.1124950244468148,yes,female
reading,271,2.201028581110314,26.298176048598833,-7.986700847494609,-1.4466965412186987,no,female
reading,272,2.9622791935282637,30.804658648596657,-7.805577096796737,7.177648747709231,yes,female
reading,273,1.7034507473474436,32.401391395080715,-5.700818223191428,-0.7403833881667486,no,female
reading,274,1.705351080497213,32.47222940748768,3.170353882714143,0.6932520064477177,yes,female
reading,275,1.434908793910617,32.561428675454344,-0.4801007154579695,-4.444883820582368,no,female
reading,276,1.9621178058267188,25.63746373422604,-0.7309721647149076,3.5091610603503947,yes,female
reading,277,2.5853332952607544,13.632962652148436,-0.678890350595267,5.912078616046063,yes,female
reading,278,3.6461004078414376,31.889062132607762,-8.67517568473658,-2.1366255911831606,no,female
reading,279,2.069263702440607,36.784775706930354,3.9080038875617333,-1.029860491639766,no,female
reading,280,1.947049123213782,27.850543235476138,1.6199569768621114,2.4429261449194524,yes,female
reading,281,1.760331502106768,22.56882718732621,-4.034349656236121,-0.8539122637276172,no,female
reading,282,1.9801108617815963,26.90082708591469,-1.3529029440441867,4.993502148153821,yes,female
reading,283,1.502064487187233,17.74406070497782,-7.477804736777508,1.48731027177682,yes,female
reading,284,1.3345983468598401,27.120765434557214,-4.624109236647413,-4.024783791932932,no,female
reading,285,1.7713267361403138,23.953777389004955,-0.8246187299358981,2.2076566284302044,yes,female
reading,286,1.9045697744852532,33.90611589160875,2.1302618159172098,3.4631598371567724,yes,female
reading,287,2.0261607253227853,23.11749319486735,-3.466760374803022,4.49297972798475,yes,female
reading,288,2.092275426883711,26.788087670571798,-0.6008625519602068,-0.5612916771464784,no,female
reading,289,1.4882645068550295,38.22825780980094,-2.556869108356754,-2.102755200345419,no,female
reading,290,1.8903470263014024,28.94864229779224,3.490832846053328,0.07174108584331013,yes,female
reading,291,2.492061650776999,29.39806408398424,-5.419889222119386,-2.402216808517513,no,female
reading,292,1.494035565678069,34.467894143161004,-2.797051711420784,5.079401081869797,yes,female
reading,293,1.7489537029007474,31.803506757848066,-2.1675202609133932,10.524769318894009,yes,female
reading,294,2.3335118601171985,27.81651195987487,-8.50947212942139,1.7181339631565271,yes,female
reading,295,1.7553133798016012,25.543501747131014,-2.1972353510749993,-0.39788830679920956,no,female
reading,296,1.4461030669088784,18.74474406551363,-0.775082846178537,3.9922650652775755,yes,female
reading,297,2.6046194579742483,28.10625712763246,-2.25414451371277,0.4537917151347327,yes,female
reading,298,2.8411712769518354,27.910815231151545,-13.370070012928732,-4.698315226423727,no,female
reading,299,1.443948022607345,29.753697596947536,-2.779765229434512,1.6002168243604555,yes,female
reading,300,0.8620335477655157,39.99735314427521,-5.599800825502058,-3.5405877815823823,no,female
